[
  {
    "id": "ac37c284-dc01-4379-bdc6-04338b710dfb",
    "data": [
      {
        "text": "check my cart",
        "userDefined": false
      }
    ],
    "isTemplate": false,
    "count": 0,
    "updated": 0
  },
  {
    "id": "25e9e231-1475-4c2a-bb01-ac57f46a5ce2",
    "data": [
      {
        "text": "what\u0027s in my cart",
        "userDefined": false
      }
    ],
    "isTemplate": false,
    "count": 0,
    "updated": 0
  },
  {
    "id": "01271c90-4721-4722-b536-df453fd8757b",
    "data": [
      {
        "text": "check cart",
        "userDefined": false
      }
    ],
    "isTemplate": false,
    "count": 0,
    "updated": 0
  },
  {
    "id": "4e7ae799-3e4e-4f2e-8358-582ccd4534a7",
    "data": [
      {
        "text": "what items are in my cart at the moment",
        "userDefined": false
      }
    ],
    "isTemplate": false,
    "count": 0,
    "updated": 0
  },
  {
    "id": "d07adb8a-1c37-441d-8438-4efbe2fd1680",
    "data": [
      {
        "text": "cart",
        "userDefined": false
      }
    ],
    "isTemplate": false,
    "count": 0,
    "updated": 0
  },
  {
    "id": "81e587f0-635b-4d3c-adb9-aa907454cf8c",
    "data": [
      {
        "text": "check what\u0027s in my cart",
        "userDefined": false
      }
    ],
    "isTemplate": false,
    "count": 0,
    "updated": 0
  }
]