[
  {
    "id": "55d272a2-2e1c-41e3-ac9d-eb36ac1bd46a",
    "data": [
      {
        "text": "check me out please",
        "userDefined": false
      }
    ],
    "isTemplate": false,
    "count": 0,
    "updated": 0
  },
  {
    "id": "fa97ec8e-06cf-40e4-bd3f-5d433a1305de",
    "data": [
      {
        "text": "proceed to check out",
        "userDefined": false
      }
    ],
    "isTemplate": false,
    "count": 0,
    "updated": 0
  },
  {
    "id": "571ca279-fb37-405e-9321-02b1458c6c1c",
    "data": [
      {
        "text": "check me out",
        "userDefined": false
      }
    ],
    "isTemplate": false,
    "count": 0,
    "updated": 0
  },
  {
    "id": "36e6e548-c989-4c5d-b763-bc81e623630c",
    "data": [
      {
        "text": "I\u0027m ready for check out",
        "userDefined": false
      }
    ],
    "isTemplate": false,
    "count": 0,
    "updated": 0
  },
  {
    "id": "5280569a-df2f-492f-a6cf-48daf6c363e2",
    "data": [
      {
        "text": "let\u0027s check out",
        "userDefined": false
      }
    ],
    "isTemplate": false,
    "count": 0,
    "updated": 0
  },
  {
    "id": "20dadb84-6e61-4bf6-b58e-fe359b42e0b9",
    "data": [
      {
        "text": "I\u0027m done with shopping let\u0027s checkout",
        "userDefined": false
      }
    ],
    "isTemplate": false,
    "count": 0,
    "updated": 0
  },
  {
    "id": "d1e26245-f995-46aa-b3a5-21fcdd4f62f6",
    "data": [
      {
        "text": "check out",
        "userDefined": false
      }
    ],
    "isTemplate": false,
    "count": 0,
    "updated": 0
  }
]