[
  {
    "id": "f96754f7-65cd-43c0-9035-9b3974d3d505",
    "data": [
      {
        "text": "cancel my meetings",
        "userDefined": false
      }
    ],
    "isTemplate": false,
    "count": 0,
    "updated": 0
  },
  {
    "id": "54dd1a0d-1962-48af-ad45-e568f1311666",
    "data": [
      {
        "text": "my favorite item",
        "userDefined": false
      }
    ],
    "isTemplate": false,
    "count": 0,
    "updated": 0
  },
  {
    "id": "86b44f94-00d8-4fb3-a2e0-11143648eea5",
    "data": [
      {
        "text": "upgrade the item",
        "userDefined": false
      }
    ],
    "isTemplate": false,
    "count": 0,
    "updated": 0
  },
  {
    "id": "f54cd63f-0905-4522-a1f3-a562da35a4c0",
    "data": [
      {
        "text": "I want to cancel my appointment",
        "userDefined": false
      }
    ],
    "isTemplate": false,
    "count": 0,
    "updated": 0
  },
  {
    "id": "9b32c729-23b3-417d-9d21-45701899c5f1",
    "data": [
      {
        "text": "we would like to check in",
        "userDefined": false
      }
    ],
    "isTemplate": false,
    "count": 0,
    "updated": 0
  },
  {
    "id": "1a7185cf-4906-4df5-b0bb-dbac2012d6ac",
    "data": [
      {
        "text": "I want to check in",
        "userDefined": false
      }
    ],
    "isTemplate": false,
    "count": 0,
    "updated": 0
  },
  {
    "id": "fa0d2991-f338-4fd4-ae3c-538310a4ce4e",
    "data": [
      {
        "text": "where is my car",
        "userDefined": false
      }
    ],
    "isTemplate": false,
    "count": 0,
    "updated": 0
  },
  {
    "id": "18ddf585-af8a-4854-a753-df5c79b2e1e8",
    "data": [
      {
        "text": "check my homework",
        "userDefined": false
      }
    ],
    "isTemplate": false,
    "count": 0,
    "updated": 0
  },
  {
    "id": "7a8cbd3c-eb95-42a8-8d2a-0b454ca2701d",
    "data": [
      {
        "text": "what\u0027s in my mind",
        "userDefined": false
      }
    ],
    "isTemplate": false,
    "count": 0,
    "updated": 0
  },
  {
    "id": "fecc92ef-f236-4ac7-bc15-99f99b4352e4",
    "data": [
      {
        "text": "add milk to my coffee",
        "userDefined": false
      }
    ],
    "isTemplate": false,
    "count": 0,
    "updated": 0
  }
]