[
  {
    "id": "cdb8ed5d-16f2-437c-898a-8a76fe40caac",
    "data": [
      {
        "text": "delivery charges",
        "userDefined": false
      }
    ],
    "isTemplate": false,
    "count": 0,
    "updated": 0
  },
  {
    "id": "20631c78-dc60-4bfe-82b5-5f22824f84de",
    "data": [
      {
        "text": "can you show me delivery options",
        "userDefined": false
      }
    ],
    "isTemplate": false,
    "count": 0,
    "updated": 0
  },
  {
    "id": "268c2a18-750b-418a-b9f3-893624c8d74c",
    "data": [
      {
        "text": "delivery options",
        "userDefined": false
      }
    ],
    "isTemplate": false,
    "count": 0,
    "updated": 0
  },
  {
    "id": "c0bbc1fa-14b5-41a0-a5b9-fb86da813a55",
    "data": [
      {
        "text": "shipping rates",
        "userDefined": false
      }
    ],
    "isTemplate": false,
    "count": 0,
    "updated": 0
  },
  {
    "id": "1858e3a0-07a5-4151-b57c-a2bd0d156e49",
    "data": [
      {
        "text": "delivery time frames",
        "userDefined": false
      }
    ],
    "isTemplate": false,
    "count": 0,
    "updated": 0
  },
  {
    "id": "5db48288-5db8-4368-9d19-a2fd98012bca",
    "data": [
      {
        "text": "what are the shipping options",
        "userDefined": false
      }
    ],
    "isTemplate": false,
    "count": 0,
    "updated": 0
  },
  {
    "id": "8a167423-0b2e-4e25-9cca-87af1ebfbd69",
    "data": [
      {
        "text": "check delivery options",
        "userDefined": false
      }
    ],
    "isTemplate": false,
    "count": 0,
    "updated": 0
  },
  {
    "id": "859e917a-e48a-410d-b566-4aae9b304ddd",
    "data": [
      {
        "text": "shipping",
        "userDefined": false
      }
    ],
    "isTemplate": false,
    "count": 0,
    "updated": 0
  }
]