[
  {
    "id": "0e40250d-e16f-406b-91cf-96a86e1222c1",
    "data": [
      {
        "text": "fifty",
        "meta": "@sys.ignore",
        "userDefined": false
      }
    ],
    "isTemplate": false,
    "count": 0,
    "updated": 0
  },
  {
    "id": "f73f28d7-a49a-4f4b-8664-9858c1607d8a",
    "data": [
      {
        "text": "the cheapest option",
        "userDefined": false
      }
    ],
    "isTemplate": false,
    "count": 0,
    "updated": 0
  },
  {
    "id": "a8732dfe-eaaa-4aa4-ab7d-6762a41d6678",
    "data": [
      {
        "text": "$50",
        "meta": "@sys.ignore",
        "userDefined": false
      }
    ],
    "isTemplate": false,
    "count": 0,
    "updated": 0
  },
  {
    "id": "e8d0ce6f-8f41-44dc-8ac3-47a878f554ca",
    "data": [
      {
        "text": "the ",
        "userDefined": false
      },
      {
        "text": "first one",
        "meta": "@sys.ignore",
        "userDefined": false
      }
    ],
    "isTemplate": false,
    "count": 0,
    "updated": 0
  },
  {
    "id": "b66cadff-0168-4c5f-9e4c-5eb49457c161",
    "data": [
      {
        "text": "50",
        "meta": "@sys.ignore",
        "userDefined": false
      }
    ],
    "isTemplate": false,
    "count": 0,
    "updated": 0
  }
]