[
  {
    "id": "753d12c6-b89c-4d4b-8381-50a3469c3753",
    "data": [
      {
        "text": "I\u0027m looking for a gift",
        "userDefined": false
      }
    ],
    "isTemplate": false,
    "count": 0,
    "updated": 0
  },
  {
    "id": "78ea45a6-e66c-4305-a044-b8216c67cf46",
    "data": [
      {
        "text": "are there any gift cards available",
        "userDefined": false
      }
    ],
    "isTemplate": false,
    "count": 0,
    "updated": 0
  },
  {
    "id": "aae59693-297e-4eba-8738-6eec2bbdd705",
    "data": [
      {
        "text": "I\u0027m interested in buying gift cards",
        "userDefined": false
      }
    ],
    "isTemplate": false,
    "count": 0,
    "updated": 0
  },
  {
    "id": "bfd3c328-d205-46c4-baa2-633dee25e348",
    "data": [
      {
        "text": "do you have gift cards",
        "userDefined": false
      }
    ],
    "isTemplate": false,
    "count": 0,
    "updated": 0
  },
  {
    "id": "aa68e457-4e88-4fce-8681-822324d94b91",
    "data": [
      {
        "text": "I want to order a gift card for my friends birthday",
        "userDefined": false
      }
    ],
    "isTemplate": false,
    "count": 0,
    "updated": 0
  },
  {
    "id": "ec65a99c-97a2-40b6-8e5a-a11d2dc3d504",
    "data": [
      {
        "text": "can you give me gift cards",
        "userDefined": false
      }
    ],
    "isTemplate": false,
    "count": 0,
    "updated": 0
  },
  {
    "id": "8b64f8c4-f6f1-4f9a-a08f-dc01e1e9c95c",
    "data": [
      {
        "text": "gift card",
        "userDefined": false
      }
    ],
    "isTemplate": false,
    "count": 0,
    "updated": 0
  }
]