[
  {
    "id": "577a0dcf-ad04-4a97-92be-8e8939943cad",
    "data": [
      {
        "text": "2 hundred",
        "meta": "@sys.ignore",
        "userDefined": false
      }
    ],
    "isTemplate": false,
    "count": 0,
    "updated": 0
  },
  {
    "id": "415f06ca-d1a1-410b-a072-f6680d7e871a",
    "data": [
      {
        "text": "$200",
        "meta": "@sys.ignore",
        "userDefined": false
      }
    ],
    "isTemplate": false,
    "count": 0,
    "updated": 0
  },
  {
    "id": "ba3a63d8-c494-4417-adcf-3bca5512a4a2",
    "data": [
      {
        "text": "200",
        "meta": "@sys.ignore",
        "userDefined": false
      }
    ],
    "isTemplate": false,
    "count": 0,
    "updated": 0
  },
  {
    "id": "5ae326d4-ba2f-4da4-86f4-15f14eb3bf98",
    "data": [
      {
        "text": "how about the one for ",
        "userDefined": false
      },
      {
        "text": "200 bucks",
        "meta": "@sys.ignore",
        "userDefined": false
      }
    ],
    "isTemplate": false,
    "count": 0,
    "updated": 0
  }
]