[
  {
    "id": "a000e77e-401b-46f4-968a-2f6b36d1d46e",
    "data": [
      {
        "text": "100",
        "meta": "@sys.ignore",
        "userDefined": false
      }
    ],
    "isTemplate": false,
    "count": 0,
    "updated": 0
  },
  {
    "id": "383a4059-d5f2-4d6d-b964-3de3bb840558",
    "data": [
      {
        "text": "$100",
        "meta": "@sys.ignore",
        "userDefined": false
      }
    ],
    "isTemplate": false,
    "count": 0,
    "updated": 0
  },
  {
    "id": "6e9fa533-3d07-4e3b-9842-5a424b35385d",
    "data": [
      {
        "text": "hundred",
        "meta": "@sys.ignore",
        "userDefined": false
      }
    ],
    "isTemplate": false,
    "count": 0,
    "updated": 0
  },
  {
    "id": "0fa91025-b8d0-4343-99bd-7db35d39e307",
    "data": [
      {
        "text": "second one",
        "meta": "@sys.ignore",
        "userDefined": false
      }
    ],
    "isTemplate": false,
    "count": 0,
    "updated": 0
  },
  {
    "id": "2e72ca72-d05d-44db-aede-d3b0482e9805",
    "data": [
      {
        "text": "how about the ",
        "userDefined": false
      },
      {
        "text": "second",
        "meta": "@sys.ignore",
        "userDefined": false
      },
      {
        "text": " option",
        "userDefined": false
      }
    ],
    "isTemplate": false,
    "count": 0,
    "updated": 0
  }
]