[
  {
    "id": "05f9fed6-1e78-4210-b07c-0a8fe6d797f3",
    "data": [
      {
        "text": "delete the item",
        "userDefined": false
      }
    ],
    "isTemplate": false,
    "count": 0,
    "updated": 0
  },
  {
    "id": "1fed4da3-a400-4f3e-b6df-47a025fc6210",
    "data": [
      {
        "text": "remove the hat from",
        "userDefined": false
      }
    ],
    "isTemplate": false,
    "count": 0,
    "updated": 0
  },
  {
    "id": "5de4e847-0bdf-4659-9b97-e0331a6df0c9",
    "data": [
      {
        "text": "I\u0027ve changed my mind about ",
        "userDefined": false
      },
      {
        "text": "laptop",
        "alias": "product",
        "meta": "@product",
        "userDefined": false
      },
      {
        "text": ", remove it",
        "userDefined": false
      }
    ],
    "isTemplate": false,
    "count": 0,
    "updated": 0
  },
  {
    "id": "7a535921-0a77-4458-bd66-e6dacbc37030",
    "data": [
      {
        "text": "remove the ",
        "userDefined": false
      },
      {
        "text": "shoes",
        "alias": "product",
        "meta": "@product",
        "userDefined": true
      },
      {
        "text": " from my cart",
        "userDefined": false
      }
    ],
    "isTemplate": false,
    "count": 0,
    "updated": 0
  },
  {
    "id": "264f8a15-1172-4e85-9105-d21e71d78dd8",
    "data": [
      {
        "text": "remove these ",
        "userDefined": false
      },
      {
        "text": "glasses",
        "alias": "product",
        "meta": "@product",
        "userDefined": false
      },
      {
        "text": " from my cart",
        "userDefined": false
      }
    ],
    "isTemplate": false,
    "count": 0,
    "updated": 0
  },
  {
    "id": "bc5b5175-991a-4212-aa63-824741c33f2e",
    "data": [
      {
        "text": "remove the item",
        "userDefined": false
      }
    ],
    "isTemplate": false,
    "count": 0,
    "updated": 0
  }
]