[
  {
    "id": "f8c5f26f-0c3d-4e53-8a78-51755ea7b664",
    "data": [
      {
        "text": "I love this ",
        "userDefined": false
      },
      {
        "text": "laptop",
        "alias": "product",
        "meta": "@product",
        "userDefined": false
      },
      {
        "text": " add it to my cart",
        "userDefined": false
      }
    ],
    "isTemplate": false,
    "count": 0,
    "updated": 0
  },
  {
    "id": "c713750f-9f8c-43cd-9870-23e71f98f123",
    "data": [
      {
        "text": "add these ",
        "userDefined": false
      },
      {
        "text": "shoes",
        "alias": "product",
        "meta": "@product",
        "userDefined": true
      },
      {
        "text": " to my cart",
        "userDefined": false
      }
    ],
    "isTemplate": false,
    "count": 0,
    "updated": 0
  },
  {
    "id": "98b067dd-b00f-4555-80b1-d0f2facb47b2",
    "data": [
      {
        "text": "add to my cart",
        "userDefined": false
      }
    ],
    "isTemplate": false,
    "count": 0,
    "updated": 0
  },
  {
    "id": "4bb1db77-fd45-4d03-8ab4-3c106ffe524d",
    "data": [
      {
        "text": "add ",
        "userDefined": false
      },
      {
        "text": "glasses",
        "alias": "product",
        "meta": "@product",
        "userDefined": false
      },
      {
        "text": " to my cart",
        "userDefined": false
      }
    ],
    "isTemplate": false,
    "count": 0,
    "updated": 0
  },
  {
    "id": "8318a29f-7dc5-4d1b-8436-9d6c9609ac70",
    "data": [
      {
        "text": "add item",
        "userDefined": false
      }
    ],
    "isTemplate": false,
    "count": 0,
    "updated": 0
  },
  {
    "id": "d5b6e414-7772-497e-8b25-c078b598e1dc",
    "data": [
      {
        "text": "add this ",
        "userDefined": false
      },
      {
        "text": "item",
        "meta": "@sys.ignore",
        "userDefined": true
      },
      {
        "text": " to my cart",
        "userDefined": false
      }
    ],
    "isTemplate": false,
    "count": 0,
    "updated": 0
  },
  {
    "id": "f6b9b6fe-2c44-4db8-ba0a-a1b797daa58a",
    "data": [
      {
        "text": "add the ",
        "userDefined": false
      },
      {
        "text": "hat",
        "alias": "product",
        "meta": "@product",
        "userDefined": true
      },
      {
        "text": " to my cart",
        "userDefined": false
      }
    ],
    "isTemplate": false,
    "count": 0,
    "updated": 0
  },
  {
    "id": "426369f5-862b-4326-877a-9e67da335228",
    "data": [
      {
        "text": "can you add this ",
        "userDefined": false
      },
      {
        "text": "T-Shirt",
        "alias": "product",
        "meta": "@product",
        "userDefined": false
      },
      {
        "text": " to my cart",
        "userDefined": false
      }
    ],
    "isTemplate": false,
    "count": 0,
    "updated": 0
  }
]