[
  {
    "id": "59bc8346-195e-43bf-8cf6-9b27351c6f76",
    "data": [
      {
        "text": "swap",
        "userDefined": false
      }
    ],
    "isTemplate": false,
    "count": 0,
    "updated": 0
  },
  {
    "id": "56a90149-ac5a-4e06-8213-b5a1d981b382",
    "data": [
      {
        "text": "swap ",
        "userDefined": false
      },
      {
        "text": "glasses",
        "alias": "product-remove",
        "meta": "@product",
        "userDefined": false
      }
    ],
    "isTemplate": false,
    "count": 0,
    "updated": 0
  },
  {
    "id": "4ad0b4a4-91d2-44b1-9145-6a6c1b392e06",
    "data": [
      {
        "text": "can you replace the ",
        "userDefined": false
      },
      {
        "text": "shoes",
        "alias": "product-remove",
        "meta": "@product",
        "userDefined": true
      },
      {
        "text": " for the ",
        "userDefined": false
      },
      {
        "text": "T-Shirt",
        "alias": "product-add",
        "meta": "@product",
        "userDefined": false
      }
    ],
    "isTemplate": false,
    "count": 0,
    "updated": 0
  },
  {
    "id": "4b9179f0-7322-4b48-b719-364338c38552",
    "data": [
      {
        "text": "swap the ",
        "userDefined": false
      },
      {
        "text": "glasses",
        "alias": "product-remove",
        "meta": "@product",
        "userDefined": false
      },
      {
        "text": " for the ",
        "userDefined": false
      },
      {
        "text": "hat",
        "alias": "product-add",
        "meta": "@product",
        "userDefined": false
      }
    ],
    "isTemplate": false,
    "count": 0,
    "updated": 0
  },
  {
    "id": "943cacc0-3fe5-4a6e-a5d3-a20a34ea9510",
    "data": [
      {
        "text": "replace this ",
        "userDefined": false
      },
      {
        "text": "laptop",
        "alias": "product-remove",
        "meta": "@product",
        "userDefined": false
      }
    ],
    "isTemplate": false,
    "count": 0,
    "updated": 0
  }
]