[
  {
    "id": "20c85458-ef7c-474e-9107-49b22350bcc5",
    "data": [
      {
        "text": "my order number is ",
        "userDefined": false
      },
      {
        "text": "938464",
        "alias": "order-number",
        "meta": "@sys.number",
        "userDefined": false
      },
      {
        "text": " can you check it",
        "userDefined": false
      }
    ],
    "isTemplate": false,
    "count": 0,
    "updated": 0
  },
  {
    "id": "92eb856f-b1c3-48ec-9224-d91de8ce277f",
    "data": [
      {
        "text": "check my order",
        "userDefined": false
      }
    ],
    "isTemplate": false,
    "count": 0,
    "updated": 0
  },
  {
    "id": "0b3bbe56-e1db-40c8-9b9d-42825f0dbf28",
    "data": [
      {
        "text": "where is my order",
        "userDefined": false
      }
    ],
    "isTemplate": false,
    "count": 0,
    "updated": 0
  },
  {
    "id": "429bc997-2f8c-4f99-b7b0-a6d08adaa272",
    "data": [
      {
        "text": "can you check my orders",
        "userDefined": false
      }
    ],
    "isTemplate": false,
    "count": 0,
    "updated": 0
  },
  {
    "id": "8a6b3694-d2e7-4c10-98f4-7018d686f570",
    "data": [
      {
        "text": "where is my package",
        "userDefined": false
      }
    ],
    "isTemplate": false,
    "count": 0,
    "updated": 0
  },
  {
    "id": "459c650e-c7e6-4376-808f-70eaafe71de9",
    "data": [
      {
        "text": "my orders",
        "userDefined": false
      }
    ],
    "isTemplate": false,
    "count": 0,
    "updated": 0
  },
  {
    "id": "0b8e3098-83b4-40f9-9a08-8d323f34af57",
    "data": [
      {
        "text": "check order for email ",
        "userDefined": false
      },
      {
        "text": "example@dialogflow.com",
        "alias": "email",
        "meta": "@sys.email",
        "userDefined": true
      }
    ],
    "isTemplate": false,
    "count": 0,
    "updated": 0
  },
  {
    "id": "42acaa65-da00-40d0-aa4b-9bb6edd32193",
    "data": [
      {
        "text": "my email is ",
        "userDefined": false
      },
      {
        "text": "dialogflow@dialogflow.com",
        "alias": "email",
        "meta": "@sys.email",
        "userDefined": true
      },
      {
        "text": " can you check my order status",
        "userDefined": false
      }
    ],
    "isTemplate": false,
    "count": 0,
    "updated": 0
  },
  {
    "id": "0e7e20aa-1719-4920-bb00-8618872e315b",
    "data": [
      {
        "text": "what\u0027s my order status",
        "userDefined": false
      }
    ],
    "isTemplate": false,
    "count": 0,
    "updated": 0
  },
  {
    "id": "f2dfa903-c4d4-4e34-9f09-5ca0ea8a0d75",
    "data": [
      {
        "text": "check order ",
        "userDefined": false
      },
      {
        "text": "1234",
        "alias": "order-number",
        "meta": "@sys.number",
        "userDefined": true
      },
      {
        "text": " for ",
        "userDefined": false
      },
      {
        "text": "test@dialogflow.com",
        "alias": "email",
        "meta": "@sys.email",
        "userDefined": true
      }
    ],
    "isTemplate": false,
    "count": 1,
    "updated": 0
  }
]