[
  {
    "id": "b913ba64-d10a-47fb-af83-08ec4685a927",
    "data": [
      {
        "text": "I want to add something to my order",
        "userDefined": false
      }
    ],
    "isTemplate": false,
    "count": 0,
    "updated": 0
  },
  {
    "id": "6738c700-0944-43f0-a35a-23a86d8f0cba",
    "data": [
      {
        "text": "I want to order one more item",
        "userDefined": false
      }
    ],
    "isTemplate": false,
    "count": 0,
    "updated": 0
  },
  {
    "id": "d2325308-17fe-4f55-a39b-89fdd71f6211",
    "data": [
      {
        "text": "can I change my order?",
        "userDefined": false
      }
    ],
    "isTemplate": false,
    "count": 0,
    "updated": 0
  },
  {
    "id": "608aff85-9d92-4b3b-b969-cf7f80223b64",
    "data": [
      {
        "text": "change the order",
        "userDefined": false
      }
    ],
    "isTemplate": false,
    "count": 0,
    "updated": 0
  },
  {
    "id": "a31e9b6c-704a-484a-943e-85bd4f849b7a",
    "data": [
      {
        "text": "how to add an item to my order",
        "userDefined": false
      }
    ],
    "isTemplate": false,
    "count": 0,
    "updated": 0
  },
  {
    "id": "8dc353ba-4866-45fa-a12a-de90227526f4",
    "data": [
      {
        "text": "add an item to the order",
        "userDefined": false
      }
    ],
    "isTemplate": false,
    "count": 0,
    "updated": 0
  },
  {
    "id": "3c98f676-3857-46e0-bc22-221a3c36a0e4",
    "data": [
      {
        "text": "I\u0027d love to add the order",
        "userDefined": false
      }
    ],
    "isTemplate": false,
    "count": 0,
    "updated": 0
  }
]