[
  {
    "id": "fb4ca89a-6c7a-4e70-a838-365215c20d9d",
    "data": [
      {
        "text": "I changed my mind about the order",
        "userDefined": false
      }
    ],
    "isTemplate": false,
    "count": 0,
    "updated": 0
  },
  {
    "id": "74d4e43d-7157-42b5-a981-62418773eb2f",
    "data": [
      {
        "text": "how to cancel my order",
        "userDefined": false
      }
    ],
    "isTemplate": false,
    "count": 0,
    "updated": 0
  },
  {
    "id": "cb3ceb1a-37c9-4650-b931-8bee87699b03",
    "data": [
      {
        "text": "I no longer need this order",
        "userDefined": false
      }
    ],
    "isTemplate": false,
    "count": 0,
    "updated": 0
  },
  {
    "id": "e9c73d62-2720-4c8b-b6e4-b814b9f6080c",
    "data": [
      {
        "text": "I want to cancel my order",
        "userDefined": false
      }
    ],
    "isTemplate": false,
    "count": 0,
    "updated": 0
  },
  {
    "id": "d04fd11c-8d1e-4dbd-8635-aa602468d49c",
    "data": [
      {
        "text": "delete my order",
        "userDefined": false
      }
    ],
    "isTemplate": false,
    "count": 0,
    "updated": 0
  },
  {
    "id": "837e9687-5363-4993-8e56-f88e17695b05",
    "data": [
      {
        "text": "I don\u0027t want this order anymore",
        "userDefined": false
      }
    ],
    "isTemplate": false,
    "count": 0,
    "updated": 0
  },
  {
    "id": "5c882641-1f7e-4f04-9c70-8a38352b6138",
    "data": [
      {
        "text": "remove the order",
        "userDefined": false
      }
    ],
    "isTemplate": false,
    "count": 0,
    "updated": 0
  }
]