[
  {
    "id": "fee6e8d5-e50b-4528-a267-a854d1a1a5e7",
    "data": [
      {
        "text": "the ",
        "userDefined": false
      },
      {
        "text": "1st",
        "alias": "number",
        "meta": "@sys.number",
        "userDefined": false
      },
      {
        "text": " one",
        "userDefined": false
      }
    ],
    "isTemplate": false,
    "count": 0,
    "updated": 0
  },
  {
    "id": "e4034b14-f2d1-4c63-a987-9a6f1bbd576c",
    "data": [
      {
        "text": "show me the ",
        "userDefined": false
      },
      {
        "text": "second",
        "alias": "number",
        "meta": "@sys.number",
        "userDefined": false
      },
      {
        "text": " one",
        "userDefined": false
      }
    ],
    "isTemplate": false,
    "count": 0,
    "updated": 0
  },
  {
    "id": "919bd07d-bdf9-479a-b5b2-2c26af3ebcc6",
    "data": [
      {
        "text": "select the ",
        "userDefined": false
      },
      {
        "text": "first",
        "alias": "number",
        "meta": "@sys.number",
        "userDefined": false
      },
      {
        "text": " one",
        "userDefined": false
      }
    ],
    "isTemplate": false,
    "count": 0,
    "updated": 0
  },
  {
    "id": "632437db-8ccb-4379-8719-4e3b6a1e3e6e",
    "data": [
      {
        "text": "I select number ",
        "userDefined": false
      },
      {
        "text": "2",
        "alias": "number",
        "meta": "@sys.number",
        "userDefined": false
      }
    ],
    "isTemplate": false,
    "count": 0,
    "updated": 0
  },
  {
    "id": "e5267bcd-b68a-4483-b793-e20381fc36b8",
    "data": [
      {
        "text": "second",
        "alias": "number",
        "meta": "@sys.number",
        "userDefined": false
      },
      {
        "text": " one",
        "userDefined": false
      }
    ],
    "isTemplate": false,
    "count": 0,
    "updated": 0
  },
  {
    "id": "b8c029bf-aee3-4114-a336-dc9ed5184330",
    "data": [
      {
        "text": "choose numbers ",
        "userDefined": false
      },
      {
        "text": "1",
        "alias": "number",
        "meta": "@sys.number",
        "userDefined": false
      }
    ],
    "isTemplate": false,
    "count": 0,
    "updated": 0
  },
  {
    "id": "367bdef2-51ea-45a4-bf88-5d3ad0e98cca",
    "data": [
      {
        "text": "choose ",
        "userDefined": false
      },
      {
        "text": "1st",
        "alias": "number",
        "meta": "@sys.number",
        "userDefined": false
      }
    ],
    "isTemplate": false,
    "count": 0,
    "updated": 0
  },
  {
    "id": "a87acac3-9e33-4924-b77f-b72b97c2ea91",
    "data": [
      {
        "text": "I choose number ",
        "userDefined": false
      },
      {
        "text": "3",
        "alias": "number",
        "meta": "@sys.number",
        "userDefined": false
      }
    ],
    "isTemplate": false,
    "count": 0,
    "updated": 0
  },
  {
    "id": "9049b7ef-e9a4-401a-8842-6c7e17a97e84",
    "data": [
      {
        "text": "see ",
        "userDefined": false
      },
      {
        "text": "1",
        "alias": "number",
        "meta": "@sys.number",
        "userDefined": false
      }
    ],
    "isTemplate": false,
    "count": 0,
    "updated": 0
  },
  {
    "id": "dc17c7f6-f1c9-4778-8810-01d040ff8960",
    "data": [
      {
        "text": "number ",
        "userDefined": false
      },
      {
        "text": "4",
        "alias": "number",
        "meta": "@sys.number",
        "userDefined": false
      }
    ],
    "isTemplate": false,
    "count": 0,
    "updated": 0
  }
]