[
  {
    "id": "0035f795-a6f6-4f2b-ba6a-0a5557701e36",
    "data": [
      {
        "text": "put the ",
        "userDefined": false
      },
      {
        "text": "T-Shirt",
        "alias": "product",
        "meta": "@product",
        "userDefined": false
      },
      {
        "text": " to my cart",
        "userDefined": false
      }
    ],
    "isTemplate": false,
    "count": 0,
    "updated": 0
  },
  {
    "id": "b041fc7e-43e9-4f0a-a1ed-87ca7bff2d81",
    "data": [
      {
        "text": "I\u0027m looking for a ",
        "userDefined": false
      },
      {
        "text": "laptop",
        "alias": "product",
        "meta": "@product",
        "userDefined": false
      }
    ],
    "isTemplate": false,
    "count": 0,
    "updated": 0
  },
  {
    "id": "079e2dcd-dfcd-448f-bf60-17b730fe9d4d",
    "data": [
      {
        "text": "add the ",
        "userDefined": false
      },
      {
        "text": "hat",
        "alias": "product",
        "meta": "@product",
        "userDefined": false
      },
      {
        "text": " to my busket",
        "userDefined": false
      }
    ],
    "isTemplate": false,
    "count": 0,
    "updated": 0
  },
  {
    "id": "bcbfacec-444f-46df-9fe7-23a15d4e3ae9",
    "data": [
      {
        "text": "I want to buy ",
        "userDefined": false
      },
      {
        "text": "glasses",
        "alias": "product",
        "meta": "@product",
        "userDefined": true
      }
    ],
    "isTemplate": false,
    "count": 0,
    "updated": 0
  },
  {
    "id": "dd3ce75c-897a-44a7-8565-b3f77af5acd8",
    "data": [
      {
        "text": "I want to buy something",
        "userDefined": false
      }
    ],
    "isTemplate": false,
    "count": 0,
    "updated": 0
  },
  {
    "id": "eddd3e09-dd48-41b0-9df5-c1d8d9a25623",
    "data": [
      {
        "text": "I need new ",
        "userDefined": false
      },
      {
        "text": "shoes",
        "alias": "product",
        "meta": "@product",
        "userDefined": true
      }
    ],
    "isTemplate": false,
    "count": 0,
    "updated": 0
  }
]