[
  {
    "id": "af3ed018-753f-400f-8e9f-d2c4b8c146a4",
    "data": [
      {
        "text": "refund policies",
        "userDefined": false
      }
    ],
    "isTemplate": false,
    "count": 0,
    "updated": 0
  },
  {
    "id": "15b9bcbd-1240-4a80-8926-13b9ccd8c2a9",
    "data": [
      {
        "text": "what if I don\u0027t like the product? Can I get my money back, what are the policies?",
        "userDefined": false
      }
    ],
    "isTemplate": false,
    "count": 0,
    "updated": 0
  },
  {
    "id": "3467c5ab-1770-46cb-9e42-e860332e536a",
    "data": [
      {
        "text": "can you direct me to your refund policies page",
        "userDefined": false
      }
    ],
    "isTemplate": false,
    "count": 0,
    "updated": 0
  },
  {
    "id": "e4fc1500-e17a-4749-8f6e-57cdb37e5e95",
    "data": [
      {
        "text": "show me your refund policies",
        "userDefined": false
      }
    ],
    "isTemplate": false,
    "count": 0,
    "updated": 0
  },
  {
    "id": "24631d86-6829-4220-b950-04d01ac24d6d",
    "data": [
      {
        "text": "are there any refund polices",
        "userDefined": false
      }
    ],
    "isTemplate": false,
    "count": 0,
    "updated": 0
  },
  {
    "id": "02c87bee-fe71-42f6-8cfd-14c4eb199d4c",
    "data": [
      {
        "text": "What\u0027s the refund policy?",
        "userDefined": false
      }
    ],
    "isTemplate": false,
    "count": 0,
    "updated": 0
  }
]