[
  {
    "id": "fc4ca905-a645-440e-a887-b0704f849012",
    "data": [
      {
        "text": "I received a damaged item",
        "userDefined": false
      }
    ],
    "isTemplate": false,
    "count": 0,
    "updated": 0
  },
  {
    "id": "3aca5298-7c06-4798-b77f-c6f9dc3ffef3",
    "data": [
      {
        "text": "I\u0027d like to cancel purchase",
        "userDefined": false
      }
    ],
    "isTemplate": false,
    "count": 0,
    "updated": 0
  },
  {
    "id": "529099a4-a912-4880-812a-fad6ebf316e7",
    "data": [
      {
        "text": "I request a refund",
        "userDefined": false
      }
    ],
    "isTemplate": false,
    "count": 0,
    "updated": 0
  },
  {
    "id": "74f1afe4-c6ab-4efd-929f-ade152c17e9d",
    "data": [
      {
        "text": "I want my money back",
        "userDefined": false
      }
    ],
    "isTemplate": false,
    "count": 0,
    "updated": 0
  },
  {
    "id": "1cd67ace-0ff8-49e9-917e-b66242d162c7",
    "data": [
      {
        "text": "Refund",
        "userDefined": false
      }
    ],
    "isTemplate": false,
    "count": 0,
    "updated": 0
  },
  {
    "id": "7b60a26a-2c9a-483c-bc6e-fa2d4abe5e4a",
    "data": [
      {
        "text": "I want to return my purchase",
        "userDefined": false
      }
    ],
    "isTemplate": false,
    "count": 0,
    "updated": 0
  },
  {
    "id": "5bd45557-af25-44c5-b839-b6a53dd03481",
    "data": [
      {
        "text": "I want to get refund",
        "userDefined": false
      }
    ],
    "isTemplate": false,
    "count": 0,
    "updated": 0
  },
  {
    "id": "87240e99-a8e5-4073-941e-fe30fbfbe56d",
    "data": [
      {
        "text": "cancel purchase",
        "userDefined": false
      }
    ],
    "isTemplate": false,
    "count": 0,
    "updated": 0
  },
  {
    "id": "c3fa4d22-9c16-46fc-8a9d-654713a93be1",
    "data": [
      {
        "text": "I received a wrong item",
        "userDefined": false
      }
    ],
    "isTemplate": false,
    "count": 0,
    "updated": 0
  },
  {
    "id": "fbdd3cfd-12fe-4365-9d16-b92327947799",
    "data": [
      {
        "text": "I want to make an exchange",
        "userDefined": false
      }
    ],
    "isTemplate": false,
    "count": 0,
    "updated": 0
  },
  {
    "id": "7a5bada4-54b1-4885-94d7-c3a2bcef9b08",
    "data": [
      {
        "text": "Can I get my money back",
        "userDefined": false
      }
    ],
    "isTemplate": false,
    "count": 0,
    "updated": 0
  }
]