[
  {
    "id": "4750ee80-e54d-45ea-ada7-c8400011c8b5",
    "data": [
      {
        "text": "today",
        "meta": "@sys.ignore",
        "userDefined": false
      },
      {
        "text": "\u0027s offer",
        "userDefined": false
      }
    ],
    "isTemplate": false,
    "count": 0,
    "updated": 0
  },
  {
    "id": "a83ffc99-ed11-4bad-ae99-8f9b29e887c0",
    "data": [
      {
        "text": "some products are very expensive",
        "userDefined": false
      }
    ],
    "isTemplate": false,
    "count": 0,
    "updated": 0
  },
  {
    "id": "f7f54bb6-6085-410a-8df8-571f4231f406",
    "data": [
      {
        "text": "do you have any discounts",
        "userDefined": false
      }
    ],
    "isTemplate": false,
    "count": 0,
    "updated": 0
  },
  {
    "id": "650d6499-943c-4a29-9867-2f8c936fc651",
    "data": [
      {
        "text": "any special offers ",
        "userDefined": false
      },
      {
        "text": "today",
        "meta": "@sys.ignore",
        "userDefined": false
      }
    ],
    "isTemplate": false,
    "count": 0,
    "updated": 0
  },
  {
    "id": "bdedcd7e-f6ee-48c3-892d-ff28c4b09092",
    "data": [
      {
        "text": "current offers",
        "userDefined": false
      }
    ],
    "isTemplate": false,
    "count": 0,
    "updated": 0
  },
  {
    "id": "561863e5-db30-422f-857c-1d93eee83a62",
    "data": [
      {
        "text": "too expensive for me",
        "userDefined": false
      }
    ],
    "isTemplate": false,
    "count": 0,
    "updated": 0
  },
  {
    "id": "ebb128b6-2e8c-4f8c-bba9-fafaa17cb379",
    "data": [
      {
        "text": "can I have a discounts",
        "userDefined": false
      }
    ],
    "isTemplate": false,
    "count": 0,
    "updated": 0
  },
  {
    "id": "c1111cec-29b8-4165-8c0c-f39be0dceeed",
    "data": [
      {
        "text": "special price",
        "userDefined": false
      }
    ],
    "isTemplate": false,
    "count": 0,
    "updated": 0
  },
  {
    "id": "2c5fd026-0d50-4dad-bef0-099c0796ba59",
    "data": [
      {
        "text": "it\u0027s too expensive for me",
        "userDefined": false
      }
    ],
    "isTemplate": false,
    "count": 0,
    "updated": 0
  },
  {
    "id": "d8afae1a-533f-4778-893a-0af4935b4659",
    "data": [
      {
        "text": "do you have special offers",
        "userDefined": false
      }
    ],
    "isTemplate": false,
    "count": 0,
    "updated": 0
  }
]